{"0": {"x1": 125.43289184570312, "y1": 170.17730712890625, "x2": 125.43289184570312, "y2": 104.56228637695312, "x3": 125.43289184570312, "y3": 110.2603759765625, "x4": 125.43289184570312, "y4": 175.87539672851562}, "1": {"x1": 126.47296905517578, "y1": 104.66215515136719, "x2": 126.47296905517578, "y2": 39.60432815551758, "x3": 126.47296905517578, "y3": 42.90541076660156, "x4": 126.47296905517578, "y4": 107.96324157714844}, "2": {"x1": 131.74569702148438, "y1": 444.7840270996094, "x2": 131.74569702148438, "y2": 326.2809143066406, "x3": 131.74569702148438, "y3": 328.0674743652344, "x4": 131.74569702148438, "y4": 446.5705871582031}, "3": {"x1": 112.49251556396484, "y1": 310.3293762207031, "x2": 112.49251556396484, "y2": 178.21580505371094, "x3": 112.49251556396484, "y3": 182.2994384765625, "x4": 112.49251556396484, "y4": 314.41302490234375}}